2023-05-31T23:00:00Z,ΑTTΙKΗ,3264
2023-05-31T23:00:00Z,ΑΕΡΟΔΡΟΜΙΟ,227
2023-05-31T23:00:00Z,ΜΟΝΑΣTΗΡΑKΙ,2626
2023-05-31T23:00:00Z,ΟΜOΝΟΙΑ,2068
2023-05-31T23:00:00Z,ΠΕΙΡΑΙΑΣ,1181
2023-05-31T23:00:00Z,ΣTΑΘΜOΣ ΛΑΡΙΣΗΣ,333
2023-05-31T23:00:00Z,ΣΥΝTΑΓΜΑ,3177
2023-05-31T23:00:00Z,ΑΕΡΟΔΡΟΜΙΟ,318
2023-05-31T23:00:00Z,ΠΕΙΡΑΙΑΣ,11
2023-05-31T22:00:00Z,ΑTTΙKΗ,3978
2023-05-31T22:00:00Z,ΑΕΡΟΔΡΟΜΙΟ,349
2023-05-31T22:00:00Z,ΜΟΝΑΣTΗΡΑKΙ,2967
2023-05-31T22:00:00Z,ΟΜOΝΟΙΑ,2511
2023-05-31T22:00:00Z,ΠΕΙΡΑΙΑΣ,1508
2023-05-31T22:00:00Z,ΣTΑΘΜOΣ ΛΑΡΙΣΗΣ,373
2023-05-31T22:00:00Z,ΣΥΝTΑΓΜΑ,3872
2023-05-31T22:00:00Z,ΑΕΡΟΔΡΟΜΙΟ,390
2023-05-31T22:00:00Z,ΠΕΙΡΑΙΑΣ,11
2023-05-31T21:00:00Z,ΑTTΙKΗ,5495
2023-05-31T21:00:00Z,ΑΕΡΟΔΡΟΜΙΟ,344
2023-05-31T21:00:00Z,ΜΟΝΑΣTΗΡΑKΙ,3169
2023-05-31T21:00:00Z,ΟΜOΝΟΙΑ,3441
2023-05-31T21:00:00Z,ΠΕΙΡΑΙΑΣ,2235
2023-05-31T21:00:00Z,ΣTΑΘΜOΣ ΛΑΡΙΣΗΣ,436
2023-05-31T21:00:00Z,ΣΥΝTΑΓΜΑ,5294
2023-05-31T21:00:00Z,ΑΕΡΟΔΡΟΜΙΟ,337
2023-05-31T21:00:00Z,ΠΕΙΡΑΙΑΣ,20
2023-05-31T20:00:00Z,ΑTTΙKΗ,5663
2023-05-31T20:00:00Z,ΑΕΡΟΔΡΟΜΙΟ,388
2023-05-31T20:00:00Z,ΜΟΝΑΣTΗΡΑKΙ,3522
2023-05-31T20:00:00Z,ΟΜOΝΟΙΑ,4156
2023-05-31T20:00:00Z,ΠΕΙΡΑΙΑΣ,2835
2023-05-31T20:00:00Z,ΣTΑΘΜOΣ ΛΑΡΙΣΗΣ,368
2023-05-31T20:00:00Z,ΣΥΝTΑΓΜΑ,5551
2023-05-31T20:00:00Z,ΑΕΡΟΔΡΟΜΙΟ,434
2023-05-31T20:00:00Z,ΠΕΙΡΑΙΑΣ,45
2023-05-31T19:00:00Z,ΑTTΙKΗ,5786
2023-05-31T19:00:00Z,ΑΕΡΟΔΡΟΜΙΟ,498
2023-05-31T19:00:00Z,ΜΟΝΑΣTΗΡΑKΙ,3261
2023-05-31T19:00:00Z,ΟΜOΝΟΙΑ,4351
2023-05-31T19:00:00Z,ΠΕΙΡΑΙΑΣ,2397
2023-05-31T19:00:00Z,ΣTΑΘΜOΣ ΛΑΡΙΣΗΣ,455
2023-05-31T19:00:00Z,ΣΥΝTΑΓΜΑ,4867
2023-05-31T19:00:00Z,ΑΕΡΟΔΡΟΜΙΟ,357
2023-05-31T19:00:00Z,ΠΕΙΡΑΙΑΣ,24
2023-05-31T18:00:00Z,ΑTTΙKΗ,5419
2023-05-31T18:00:00Z,ΑΕΡΟΔΡΟΜΙΟ,493
2023-05-31T18:00:00Z,ΜΟΝΑΣTΗΡΑKΙ,3283
2023-05-31T18:00:00Z,ΟΜOΝΟΙΑ,4712
2023-05-31T18:00:00Z,ΠΕΙΡΑΙΑΣ,2378
2023-05-31T18:00:00Z,ΣTΑΘΜOΣ ΛΑΡΙΣΗΣ,552
2023-05-31T18:00:00Z,ΣΥΝTΑΓΜΑ,4809
2023-05-31T18:00:00Z,ΑΕΡΟΔΡΟΜΙΟ,427
2023-05-31T18:00:00Z,ΠΕΙΡΑΙΑΣ,26
2023-05-31T17:00:00Z,ΑTTΙKΗ,4554
2023-05-31T17:00:00Z,ΑΕΡΟΔΡΟΜΙΟ,564
2023-05-31T17:00:00Z,ΜΟΝΑΣTΗΡΑKΙ,3026
2023-05-31T17:00:00Z,ΟΜOΝΟΙΑ,4090
2023-05-31T17:00:00Z,ΠΕΙΡΑΙΑΣ,1716
2023-05-31T17:00:00Z,ΣTΑΘΜOΣ ΛΑΡΙΣΗΣ,467
2023-05-31T17:00:00Z,ΣΥΝTΑΓΜΑ,4132
2023-05-31T17:00:00Z,ΑΕΡΟΔΡΟΜΙΟ,442
2023-05-31T17:00:00Z,ΠΕΙΡΑΙΑΣ,25
2023-05-31T16:00:00Z,ΑTTΙKΗ,4000
2023-05-31T16:00:00Z,ΑΕΡΟΔΡΟΜΙΟ,575
2023-05-31T16:00:00Z,ΜΟΝΑΣTΗΡΑKΙ,2961
2023-05-31T16:00:00Z,ΟΜOΝΟΙΑ,3594
2023-05-31T16:00:00Z,ΠΕΙΡΑΙΑΣ,1769
2023-05-31T16:00:00Z,ΣTΑΘΜOΣ ΛΑΡΙΣΗΣ,396
2023-05-31T16:00:00Z,ΣΥΝTΑΓΜΑ,3883
2023-05-31T16:00:00Z,ΑΕΡΟΔΡΟΜΙΟ,570
2023-05-31T16:00:00Z,ΠΕΙΡΑΙΑΣ,12
2023-05-31T15:00:00Z,ΑTTΙKΗ,3633
2023-05-31T15:00:00Z,ΑΕΡΟΔΡΟΜΙΟ,464
2023-05-31T15:00:00Z,ΜΟΝΑΣTΗΡΑKΙ,3040
2023-05-31T15:00:00Z,ΟΜOΝΟΙΑ,4199
2023-05-31T15:00:00Z,ΠΕΙΡΑΙΑΣ,1691
2023-05-31T15:00:00Z,ΣTΑΘΜOΣ ΛΑΡΙΣΗΣ,455
2023-05-31T15:00:00Z,ΣΥΝTΑΓΜΑ,4297
2023-05-31T15:00:00Z,ΑΕΡΟΔΡΟΜΙΟ,439
2023-05-31T15:00:00Z,ΠΕΙΡΑΙΑΣ,16
2023-05-31T14:00:00Z,ΑTTΙKΗ,3576
2023-05-31T14:00:00Z,ΑΕΡΟΔΡΟΜΙΟ,269
2023-05-31T14:00:00Z,ΜΟΝΑΣTΗΡΑKΙ,3033
2023-05-31T14:00:00Z,ΟΜOΝΟΙΑ,4038
2023-05-31T14:00:00Z,ΠΕΙΡΑΙΑΣ,1741
2023-05-31T14:00:00Z,ΣTΑΘΜOΣ ΛΑΡΙΣΗΣ,402
2023-05-31T14:00:00Z,ΣΥΝTΑΓΜΑ,3967
2023-05-31T14:00:00Z,ΑΕΡΟΔΡΟΜΙΟ,322
2023-05-31T14:00:00Z,ΠΕΙΡΑΙΑΣ,22
2023-05-31T13:00:00Z,ΑTTΙKΗ,3812
2023-05-31T13:00:00Z,ΑΕΡΟΔΡΟΜΙΟ,380
2023-05-31T13:00:00Z,ΜΟΝΑΣTΗΡΑKΙ,2561
2023-05-31T13:00:00Z,ΟΜOΝΟΙΑ,4024
2023-05-31T13:00:00Z,ΠΕΙΡΑΙΑΣ,1899
2023-05-31T13:00:00Z,ΣTΑΘΜOΣ ΛΑΡΙΣΗΣ,516
2023-05-31T13:00:00Z,ΣΥΝTΑΓΜΑ,4073
2023-05-31T13:00:00Z,ΑΕΡΟΔΡΟΜΙΟ,455
2023-05-31T13:00:00Z,ΠΕΙΡΑΙΑΣ,16
2023-05-31T12:00:00Z,ΑTTΙKΗ,5182
2023-05-31T12:00:00Z,ΑΕΡΟΔΡΟΜΙΟ,411
2023-05-31T12:00:00Z,ΜΟΝΑΣTΗΡΑKΙ,2510
2023-05-31T12:00:00Z,ΟΜOΝΟΙΑ,4565
2023-05-31T12:00:00Z,ΠΕΙΡΑΙΑΣ,2304
2023-05-31T12:00:00Z,ΣTΑΘΜOΣ ΛΑΡΙΣΗΣ,596
2023-05-31T12:00:00Z,ΣΥΝTΑΓΜΑ,5362
2023-05-31T12:00:00Z,ΑΕΡΟΔΡΟΜΙΟ,362
2023-05-31T12:00:00Z,ΠΕΙΡΑΙΑΣ,13
2023-05-31T11:00:00Z,ΑTTΙKΗ,6992
2023-05-31T11:00:00Z,ΑΕΡΟΔΡΟΜΙΟ,191
2023-05-31T11:00:00Z,ΜΟΝΑΣTΗΡΑKΙ,1944
2023-05-31T11:00:00Z,ΟΜOΝΟΙΑ,4315
2023-05-31T11:00:00Z,ΠΕΙΡΑΙΑΣ,2860
2023-05-31T11:00:00Z,ΣTΑΘΜOΣ ΛΑΡΙΣΗΣ,760
2023-05-31T11:00:00Z,ΣΥΝTΑΓΜΑ,4274
2023-05-31T11:00:00Z,ΑΕΡΟΔΡΟΜΙΟ,177
2023-05-31T11:00:00Z,ΠΕΙΡΑΙΑΣ,31
2023-05-31T10:00:00Z,ΑTTΙKΗ,5538
2023-05-31T10:00:00Z,ΑΕΡΟΔΡΟΜΙΟ,365
2023-05-31T10:00:00Z,ΜΟΝΑΣTΗΡΑKΙ,1165
2023-05-31T10:00:00Z,ΟΜOΝΟΙΑ,2671
2023-05-31T10:00:00Z,ΠΕΙΡΑΙΑΣ,2262
2023-05-31T10:00:00Z,ΣTΑΘΜOΣ ΛΑΡΙΣΗΣ,708
2023-05-31T10:00:00Z,ΣΥΝTΑΓΜΑ,2298
2023-05-31T10:00:00Z,ΑΕΡΟΔΡΟΜΙΟ,246
2023-05-31T10:00:00Z,ΠΕΙΡΑΙΑΣ,27
2023-05-31T09:00:00Z,ΑTTΙKΗ,3847
2023-05-31T09:00:00Z,ΑΕΡΟΔΡΟΜΙΟ,250
2023-05-31T09:00:00Z,ΜΟΝΑΣTΗΡΑKΙ,554
2023-05-31T09:00:00Z,ΟΜOΝΟΙΑ,1373
2023-05-31T09:00:00Z,ΠΕΙΡΑΙΑΣ,1320
2023-05-31T09:00:00Z,ΣTΑΘΜOΣ ΛΑΡΙΣΗΣ,369
2023-05-31T09:00:00Z,ΣΥΝTΑΓΜΑ,1165
2023-05-31T09:00:00Z,ΑΕΡΟΔΡΟΜΙΟ,137
2023-05-31T09:00:00Z,ΠΕΙΡΑΙΑΣ,16
2023-05-31T08:00:00Z,ΑTTΙKΗ,1379
2023-05-31T08:00:00Z,ΑΕΡΟΔΡΟΜΙΟ,44
2023-05-31T08:00:00Z,ΜΟΝΑΣTΗΡΑKΙ,248
2023-05-31T08:00:00Z,ΟΜOΝΟΙΑ,459
2023-05-31T08:00:00Z,ΠΕΙΡΑΙΑΣ,407
2023-05-31T08:00:00Z,ΣTΑΘΜOΣ ΛΑΡΙΣΗΣ,104
2023-05-31T08:00:00Z,ΣΥΝTΑΓΜΑ,414
2023-05-31T08:00:00Z,ΑΕΡΟΔΡΟΜΙΟ,15
2023-05-31T08:00:00Z,ΠΕΙΡΑΙΑΣ,2
2023-05-31T07:00:00Z,ΑTTΙKΗ,27
2023-05-31T07:00:00Z,ΟΜOΝΟΙΑ,17
2023-05-31T07:00:00Z,ΠΕΙΡΑΙΑΣ,15
2023-05-31T07:00:00Z,ΣΥΝTΑΓΜΑ,4
2023-05-31T07:00:00Z,ΠΕΙΡΑΙΑΣ,5
2023-05-31T05:00:00Z,ΟΜOΝΟΙΑ,4
2023-05-31T04:00:00Z,ΜΟΝΑΣTΗΡΑKΙ,4
2023-05-31T04:00:00Z,ΟΜOΝΟΙΑ,5
2023-05-31T04:00:00Z,ΠΕΙΡΑΙΑΣ,3
2023-05-31T03:00:00Z,ΑTTΙKΗ,357
2023-05-31T03:00:00Z,ΑΕΡΟΔΡΟΜΙΟ,13
2023-05-31T03:00:00Z,ΜΟΝΑΣTΗΡΑKΙ,418
2023-05-31T03:00:00Z,ΟΜOΝΟΙΑ,222
2023-05-31T03:00:00Z,ΠΕΙΡΑΙΑΣ,102
2023-05-31T03:00:00Z,ΣTΑΘΜOΣ ΛΑΡΙΣΗΣ,11
2023-05-31T03:00:00Z,ΣΥΝTΑΓΜΑ,311
2023-05-31T03:00:00Z,ΑΕΡΟΔΡΟΜΙΟ,4
2023-05-31T02:00:00Z,ΑTTΙKΗ,1163
2023-05-31T02:00:00Z,ΑΕΡΟΔΡΟΜΙΟ,115
2023-05-31T02:00:00Z,ΜΟΝΑΣTΗΡΑKΙ,1185
2023-05-31T02:00:00Z,ΟΜOΝΟΙΑ,585
2023-05-31T02:00:00Z,ΠΕΙΡΑΙΑΣ,416
2023-05-31T02:00:00Z,ΣTΑΘΜOΣ ΛΑΡΙΣΗΣ,102
2023-05-31T02:00:00Z,ΣΥΝTΑΓΜΑ,1173
2023-05-31T02:00:00Z,ΑΕΡΟΔΡΟΜΙΟ,77
2023-05-31T02:00:00Z,ΠΕΙΡΑΙΑΣ,3
2023-05-31T01:00:00Z,ΑTTΙKΗ,1638
2023-05-31T01:00:00Z,ΑΕΡΟΔΡΟΜΙΟ,224
2023-05-31T01:00:00Z,ΜΟΝΑΣTΗΡΑKΙ,1417
2023-05-31T01:00:00Z,ΟΜOΝΟΙΑ,784
2023-05-31T01:00:00Z,ΠΕΙΡΑΙΑΣ,550
2023-05-31T01:00:00Z,ΣTΑΘΜOΣ ΛΑΡΙΣΗΣ,175
2023-05-31T01:00:00Z,ΣΥΝTΑΓΜΑ,1387
2023-05-31T01:00:00Z,ΑΕΡΟΔΡΟΜΙΟ,312
2023-05-31T01:00:00Z,ΠΕΙΡΑΙΑΣ,1
2023-05-31T00:00:00Z,ΑTTΙKΗ,3169
2023-05-31T00:00:00Z,ΑΕΡΟΔΡΟΜΙΟ,284
2023-05-31T00:00:00Z,ΜΟΝΑΣTΗΡΑKΙ,2195
2023-05-31T00:00:00Z,ΟΜOΝΟΙΑ,1492
2023-05-31T00:00:00Z,ΠΕΙΡΑΙΑΣ,1045
2023-05-31T00:00:00Z,ΣTΑΘΜOΣ ΛΑΡΙΣΗΣ,185
2023-05-31T00:00:00Z,ΣΥΝTΑΓΜΑ,2598
2023-05-31T00:00:00Z,ΑΕΡΟΔΡΟΜΙΟ,242
2023-05-31T00:00:00Z,ΠΕΙΡΑΙΑΣ,6
2023-05-30T23:00:00Z,ΑTTΙKΗ,3253
2023-05-30T23:00:00Z,ΑΕΡΟΔΡΟΜΙΟ,200
2023-05-30T23:00:00Z,ΜΟΝΑΣTΗΡΑKΙ,2552
2023-05-30T23:00:00Z,ΟΜOΝΟΙΑ,1926
2023-05-30T23:00:00Z,ΠΕΙΡΑΙΑΣ,1263
2023-05-30T23:00:00Z,ΣTΑΘΜOΣ ΛΑΡΙΣΗΣ,291
2023-05-30T23:00:00Z,ΣΥΝTΑΓΜΑ,3104
2023-05-30T23:00:00Z,ΑΕΡΟΔΡΟΜΙΟ,233
2023-05-30T23:00:00Z,ΠΕΙΡΑΙΑΣ,9
2023-05-30T22:00:00Z,ΑTTΙKΗ,3997
2023-05-30T22:00:00Z,ΑΕΡΟΔΡΟΜΙΟ,259
2023-05-30T22:00:00Z,ΜΟΝΑΣTΗΡΑKΙ,3304
2023-05-30T22:00:00Z,ΟΜOΝΟΙΑ,2629
2023-05-30T22:00:00Z,ΠΕΙΡΑΙΑΣ,1505
2023-05-30T22:00:00Z,ΣTΑΘΜOΣ ΛΑΡΙΣΗΣ,265
2023-05-30T22:00:00Z,ΣΥΝTΑΓΜΑ,4076
2023-05-30T22:00:00Z,ΑΕΡΟΔΡΟΜΙΟ,261
2023-05-30T22:00:00Z,ΠΕΙΡΑΙΑΣ,19
2023-05-30T21:00:00Z,ΑTTΙKΗ,5487
2023-05-30T21:00:00Z,ΑΕΡΟΔΡΟΜΙΟ,355
2023-05-30T21:00:00Z,ΜΟΝΑΣTΗΡΑKΙ,3353
2023-05-30T21:00:00Z,ΟΜOΝΟΙΑ,3308
2023-05-30T21:00:00Z,ΠΕΙΡΑΙΑΣ,2263
2023-05-30T21:00:00Z,ΣTΑΘΜOΣ ΛΑΡΙΣΗΣ,416
2023-05-30T21:00:00Z,ΣΥΝTΑΓΜΑ,5467
2023-05-30T21:00:00Z,ΑΕΡΟΔΡΟΜΙΟ,293
2023-05-30T21:00:00Z,ΠΕΙΡΑΙΑΣ,23
2023-05-30T20:00:00Z,ΑTTΙKΗ,6157
2023-05-30T20:00:00Z,ΑΕΡΟΔΡΟΜΙΟ,306
2023-05-30T20:00:00Z,ΜΟΝΑΣTΗΡΑKΙ,3342
2023-05-30T20:00:00Z,ΟΜOΝΟΙΑ,4174
2023-05-30T20:00:00Z,ΠΕΙΡΑΙΑΣ,2683
2023-05-30T20:00:00Z,ΣTΑΘΜOΣ ΛΑΡΙΣΗΣ,435
2023-05-30T20:00:00Z,ΣΥΝTΑΓΜΑ,5799
2023-05-30T20:00:00Z,ΑΕΡΟΔΡΟΜΙΟ,338
2023-05-30T20:00:00Z,ΠΕΙΡΑΙΑΣ,31
2023-05-30T19:00:00Z,ΑTTΙKΗ,5624
2023-05-30T19:00:00Z,ΑΕΡΟΔΡΟΜΙΟ,372
2023-05-30T19:00:00Z,ΜΟΝΑΣTΗΡΑKΙ,3114
2023-05-30T19:00:00Z,ΟΜOΝΟΙΑ,4330
2023-05-30T19:00:00Z,ΠΕΙΡΑΙΑΣ,2411
2023-05-30T19:00:00Z,ΣTΑΘΜOΣ ΛΑΡΙΣΗΣ,492
2023-05-30T19:00:00Z,ΣΥΝTΑΓΜΑ,4649
2023-05-30T19:00:00Z,ΑΕΡΟΔΡΟΜΙΟ,358
2023-05-30T19:00:00Z,ΠΕΙΡΑΙΑΣ,27
2023-05-30T18:00:00Z,ΑTTΙKΗ,5513
2023-05-30T18:00:00Z,ΑΕΡΟΔΡΟΜΙΟ,472
2023-05-30T18:00:00Z,ΜΟΝΑΣTΗΡΑKΙ,3031
2023-05-30T18:00:00Z,ΟΜOΝΟΙΑ,4823
2023-05-30T18:00:00Z,ΠΕΙΡΑΙΑΣ,2428
2023-05-30T18:00:00Z,ΣTΑΘΜOΣ ΛΑΡΙΣΗΣ,484
2023-05-30T18:00:00Z,ΣΥΝTΑΓΜΑ,4708
2023-05-30T18:00:00Z,ΑΕΡΟΔΡΟΜΙΟ,380
2023-05-30T18:00:00Z,ΠΕΙΡΑΙΑΣ,26
2023-05-30T17:00:00Z,ΑTTΙKΗ,4545
2023-05-30T17:00:00Z,ΑΕΡΟΔΡΟΜΙΟ,459
2023-05-30T17:00:00Z,ΜΟΝΑΣTΗΡΑKΙ,3346
2023-05-30T17:00:00Z,ΟΜOΝΟΙΑ,4043
2023-05-30T17:00:00Z,ΠΕΙΡΑΙΑΣ,1527
2023-05-30T17:00:00Z,ΣTΑΘΜOΣ ΛΑΡΙΣΗΣ,486
2023-05-30T17:00:00Z,ΣΥΝTΑΓΜΑ,4210
2023-05-30T17:00:00Z,ΑΕΡΟΔΡΟΜΙΟ,366
2023-05-30T17:00:00Z,ΠΕΙΡΑΙΑΣ,20
2023-05-30T16:00:00Z,ΑTTΙKΗ,4037
2023-05-30T16:00:00Z,ΑΕΡΟΔΡΟΜΙΟ,516
2023-05-30T16:00:00Z,ΜΟΝΑΣTΗΡΑKΙ,3082
2023-05-30T16:00:00Z,ΟΜOΝΟΙΑ,3873
2023-05-30T16:00:00Z,ΠΕΙΡΑΙΑΣ,1803
2023-05-30T16:00:00Z,ΣTΑΘΜOΣ ΛΑΡΙΣΗΣ,375
2023-05-30T16:00:00Z,ΣΥΝTΑΓΜΑ,3948
2023-05-30T16:00:00Z,ΑΕΡΟΔΡΟΜΙΟ,435
2023-05-30T16:00:00Z,ΠΕΙΡΑΙΑΣ,23
2023-05-30T15:00:00Z,ΑTTΙKΗ,3735
2023-05-30T15:00:00Z,ΑΕΡΟΔΡΟΜΙΟ,374
2023-05-30T15:00:00Z,ΜΟΝΑΣTΗΡΑKΙ,3064
2023-05-30T15:00:00Z,ΟΜOΝΟΙΑ,4071
2023-05-30T15:00:00Z,ΠΕΙΡΑΙΑΣ,1793
2023-05-30T15:00:00Z,ΣTΑΘΜOΣ ΛΑΡΙΣΗΣ,489
2023-05-30T15:00:00Z,ΣΥΝTΑΓΜΑ,4340
2023-05-30T15:00:00Z,ΑΕΡΟΔΡΟΜΙΟ,389
2023-05-30T15:00:00Z,ΠΕΙΡΑΙΑΣ,17
2023-05-30T14:00:00Z,ΑTTΙKΗ,3590
2023-05-30T14:00:00Z,ΑΕΡΟΔΡΟΜΙΟ,313
2023-05-30T14:00:00Z,ΜΟΝΑΣTΗΡΑKΙ,2817
2023-05-30T14:00:00Z,ΟΜOΝΟΙΑ,3997
2023-05-30T14:00:00Z,ΠΕΙΡΑΙΑΣ,1553
2023-05-30T14:00:00Z,ΣTΑΘΜOΣ ΛΑΡΙΣΗΣ,381
2023-05-30T14:00:00Z,ΣΥΝTΑΓΜΑ,3984
2023-05-30T14:00:00Z,ΑΕΡΟΔΡΟΜΙΟ,408
2023-05-30T14:00:00Z,ΠΕΙΡΑΙΑΣ,18
2023-05-30T13:00:00Z,ΑTTΙKΗ,3907
2023-05-30T13:00:00Z,ΑΕΡΟΔΡΟΜΙΟ,400
2023-05-30T13:00:00Z,ΜΟΝΑΣTΗΡΑKΙ,2738
2023-05-30T13:00:00Z,ΟΜOΝΟΙΑ,4156
2023-05-30T13:00:00Z,ΠΕΙΡΑΙΑΣ,1807
2023-05-30T13:00:00Z,ΣTΑΘΜOΣ ΛΑΡΙΣΗΣ,524
2023-05-30T13:00:00Z,ΣΥΝTΑΓΜΑ,4252
2023-05-30T13:00:00Z,ΑΕΡΟΔΡΟΜΙΟ,408
2023-05-30T13:00:00Z,ΠΕΙΡΑΙΑΣ,10
2023-05-30T12:00:00Z,ΑTTΙKΗ,5205
2023-05-30T12:00:00Z,ΑΕΡΟΔΡΟΜΙΟ,396
2023-05-30T12:00:00Z,ΜΟΝΑΣTΗΡΑKΙ,2428
2023-05-30T12:00:00Z,ΟΜOΝΟΙΑ,4551
2023-05-30T12:00:00Z,ΠΕΙΡΑΙΑΣ,2287
2023-05-30T12:00:00Z,ΣTΑΘΜOΣ ΛΑΡΙΣΗΣ,588
2023-05-30T12:00:00Z,ΣΥΝTΑΓΜΑ,5205
2023-05-30T12:00:00Z,ΑΕΡΟΔΡΟΜΙΟ,367
2023-05-30T12:00:00Z,ΠΕΙΡΑΙΑΣ,11
2023-05-30T11:00:00Z,ΑTTΙKΗ,7000
2023-05-30T11:00:00Z,ΑΕΡΟΔΡΟΜΙΟ,278
2023-05-30T11:00:00Z,ΜΟΝΑΣTΗΡΑKΙ,1981
2023-05-30T11:00:00Z,ΟΜOΝΟΙΑ,4257
2023-05-30T11:00:00Z,ΠΕΙΡΑΙΑΣ,3070
2023-05-30T11:00:00Z,ΣTΑΘΜOΣ ΛΑΡΙΣΗΣ,881
2023-05-30T11:00:00Z,ΣΥΝTΑΓΜΑ,4174
2023-05-30T11:00:00Z,ΑΕΡΟΔΡΟΜΙΟ,189
2023-05-30T11:00:00Z,ΠΕΙΡΑΙΑΣ,38
2023-05-30T10:00:00Z,ΑTTΙKΗ,5595
2023-05-30T10:00:00Z,ΑΕΡΟΔΡΟΜΙΟ,405
2023-05-30T10:00:00Z,ΜΟΝΑΣTΗΡΑKΙ,1189
2023-05-30T10:00:00Z,ΟΜOΝΟΙΑ,2759
2023-05-30T10:00:00Z,ΠΕΙΡΑΙΑΣ,2143
2023-05-30T10:00:00Z,ΣTΑΘΜOΣ ΛΑΡΙΣΗΣ,649
2023-05-30T10:00:00Z,ΣΥΝTΑΓΜΑ,2323
2023-05-30T10:00:00Z,ΑΕΡΟΔΡΟΜΙΟ,274
2023-05-30T10:00:00Z,ΠΕΙΡΑΙΑΣ,30
2023-05-30T09:00:00Z,ΑTTΙKΗ,3915
2023-05-30T09:00:00Z,ΑΕΡΟΔΡΟΜΙΟ,204
2023-05-30T09:00:00Z,ΜΟΝΑΣTΗΡΑKΙ,563
2023-05-30T09:00:00Z,ΟΜOΝΟΙΑ,1423
2023-05-30T09:00:00Z,ΠΕΙΡΑΙΑΣ,1511
2023-05-30T09:00:00Z,ΣTΑΘΜOΣ ΛΑΡΙΣΗΣ,353
2023-05-30T09:00:00Z,ΣΥΝTΑΓΜΑ,1164
2023-05-30T09:00:00Z,ΑΕΡΟΔΡΟΜΙΟ,113
2023-05-30T09:00:00Z,ΠΕΙΡΑΙΑΣ,19
2023-05-30T08:00:00Z,ΑTTΙKΗ,1404
2023-05-30T08:00:00Z,ΑΕΡΟΔΡΟΜΙΟ,27
2023-05-30T08:00:00Z,ΜΟΝΑΣTΗΡΑKΙ,218
2023-05-30T08:00:00Z,ΟΜOΝΟΙΑ,403
2023-05-30T08:00:00Z,ΠΕΙΡΑΙΑΣ,418
2023-05-30T08:00:00Z,ΣTΑΘΜOΣ ΛΑΡΙΣΗΣ,99
2023-05-30T08:00:00Z,ΣΥΝTΑΓΜΑ,426
2023-05-30T08:00:00Z,ΑΕΡΟΔΡΟΜΙΟ,21
2023-05-30T08:00:00Z,ΠΕΙΡΑΙΑΣ,6
2023-05-30T07:00:00Z,ΑTTΙKΗ,27
2023-05-30T07:00:00Z,ΟΜOΝΟΙΑ,10
2023-05-30T07:00:00Z,ΠΕΙΡΑΙΑΣ,14
2023-05-30T07:00:00Z,ΣΥΝTΑΓΜΑ,2
2023-05-30T07:00:00Z,ΠΕΙΡΑΙΑΣ,4
2023-05-30T05:00:00Z,ΜΟΝΑΣTΗΡΑKΙ,2
2023-05-30T05:00:00Z,ΟΜOΝΟΙΑ,1
2023-05-30T04:00:00Z,ΟΜOΝΟΙΑ,13
2023-05-30T04:00:00Z,ΠΕΙΡΑΙΑΣ,3
2023-05-30T03:00:00Z,ΑTTΙKΗ,314
2023-05-30T03:00:00Z,ΜΟΝΑΣTΗΡΑKΙ,364
2023-05-30T03:00:00Z,ΟΜOΝΟΙΑ,242
2023-05-30T03:00:00Z,ΠΕΙΡΑΙΑΣ,93
2023-05-30T03:00:00Z,ΣTΑΘΜOΣ ΛΑΡΙΣΗΣ,17
2023-05-30T03:00:00Z,ΣΥΝTΑΓΜΑ,288
2023-05-30T02:00:00Z,ΑTTΙKΗ,1070
2023-05-30T02:00:00Z,ΑΕΡΟΔΡΟΜΙΟ,104
2023-05-30T02:00:00Z,ΜΟΝΑΣTΗΡΑKΙ,1214
2023-05-30T02:00:00Z,ΟΜOΝΟΙΑ,450
2023-05-30T02:00:00Z,ΠΕΙΡΑΙΑΣ,402
2023-05-30T02:00:00Z,ΣTΑΘΜOΣ ΛΑΡΙΣΗΣ,84
2023-05-30T02:00:00Z,ΣΥΝTΑΓΜΑ,1080
2023-05-30T02:00:00Z,ΑΕΡΟΔΡΟΜΙΟ,121
2023-05-30T01:00:00Z,ΑTTΙKΗ,1802
2023-05-30T01:00:00Z,ΑΕΡΟΔΡΟΜΙΟ,249
2023-05-30T01:00:00Z,ΜΟΝΑΣTΗΡΑKΙ,1420
2023-05-30T01:00:00Z,ΟΜOΝΟΙΑ,861
2023-05-30T01:00:00Z,ΠΕΙΡΑΙΑΣ,530
2023-05-30T01:00:00Z,ΣTΑΘΜOΣ ΛΑΡΙΣΗΣ,227
2023-05-30T01:00:00Z,ΣΥΝTΑΓΜΑ,1372
2023-05-30T01:00:00Z,ΑΕΡΟΔΡΟΜΙΟ,165
2023-05-30T00:00:00Z,ΑTTΙKΗ,2987
2023-05-30T00:00:00Z,ΑΕΡΟΔΡΟΜΙΟ,304
2023-05-30T00:00:00Z,ΜΟΝΑΣTΗΡΑKΙ,2174
2023-05-30T00:00:00Z,ΟΜOΝΟΙΑ,1365
2023-05-30T00:00:00Z,ΠΕΙΡΑΙΑΣ,1011
2023-05-30T00:00:00Z,ΣTΑΘΜOΣ ΛΑΡΙΣΗΣ,210
2023-05-30T00:00:00Z,ΣΥΝTΑΓΜΑ,2338
2023-05-30T00:00:00Z,ΑΕΡΟΔΡΟΜΙΟ,192
2023-05-30T00:00:00Z,ΠΕΙΡΑΙΑΣ,4
2023-05-29T23:00:00Z,ΑTTΙKΗ,3078
2023-05-29T23:00:00Z,ΑΕΡΟΔΡΟΜΙΟ,203
2023-05-29T23:00:00Z,ΜΟΝΑΣTΗΡΑKΙ,2402
2023-05-29T23:00:00Z,ΟΜOΝΟΙΑ,1959
2023-05-29T23:00:00Z,ΠΕΙΡΑΙΑΣ,1334
2023-05-29T23:00:00Z,ΣTΑΘΜOΣ ΛΑΡΙΣΗΣ,355
2023-05-29T23:00:00Z,ΣΥΝTΑΓΜΑ,2776
2023-05-29T23:00:00Z,ΑΕΡΟΔΡΟΜΙΟ,255
2023-05-29T23:00:00Z,ΠΕΙΡΑΙΑΣ,10
2023-05-29T22:00:00Z,ΑTTΙKΗ,3889
2023-05-29T22:00:00Z,ΑΕΡΟΔΡΟΜΙΟ,252
2023-05-29T22:00:00Z,ΜΟΝΑΣTΗΡΑKΙ,2727
2023-05-29T22:00:00Z,ΟΜOΝΟΙΑ,2359
2023-05-29T22:00:00Z,ΠΕΙΡΑΙΑΣ,1445
2023-05-29T22:00:00Z,ΣTΑΘΜOΣ ΛΑΡΙΣΗΣ,289
2023-05-29T22:00:00Z,ΣΥΝTΑΓΜΑ,3401
2023-05-29T22:00:00Z,ΑΕΡΟΔΡΟΜΙΟ,286
2023-05-29T22:00:00Z,ΠΕΙΡΑΙΑΣ,11
2023-05-29T21:00:00Z,ΑTTΙKΗ,5235
2023-05-29T21:00:00Z,ΑΕΡΟΔΡΟΜΙΟ,405
2023-05-29T21:00:00Z,ΜΟΝΑΣTΗΡΑKΙ,3047
2023-05-29T21:00:00Z,ΟΜOΝΟΙΑ,3256
2023-05-29T21:00:00Z,ΠΕΙΡΑΙΑΣ,2156
2023-05-29T21:00:00Z,ΣTΑΘΜOΣ ΛΑΡΙΣΗΣ,445
2023-05-29T21:00:00Z,ΣΥΝTΑΓΜΑ,4877
2023-05-29T21:00:00Z,ΑΕΡΟΔΡΟΜΙΟ,467
2023-05-29T21:00:00Z,ΠΕΙΡΑΙΑΣ,26
2023-05-29T20:00:00Z,ΑTTΙKΗ,6046
2023-05-29T20:00:00Z,ΑΕΡΟΔΡΟΜΙΟ,264
2023-05-29T20:00:00Z,ΜΟΝΑΣTΗΡΑKΙ,3533
2023-05-29T20:00:00Z,ΟΜOΝΟΙΑ,4126
2023-05-29T20:00:00Z,ΠΕΙΡΑΙΑΣ,2708
2023-05-29T20:00:00Z,ΣTΑΘΜOΣ ΛΑΡΙΣΗΣ,447
2023-05-29T20:00:00Z,ΣΥΝTΑΓΜΑ,5641
2023-05-29T20:00:00Z,ΑΕΡΟΔΡΟΜΙΟ,322
2023-05-29T20:00:00Z,ΠΕΙΡΑΙΑΣ,35
2023-05-29T19:00:00Z,ΑTTΙKΗ,5769
2023-05-29T19:00:00Z,ΑΕΡΟΔΡΟΜΙΟ,426
2023-05-29T19:00:00Z,ΜΟΝΑΣTΗΡΑKΙ,3393
2023-05-29T19:00:00Z,ΟΜOΝΟΙΑ,4497
2023-05-29T19:00:00Z,ΠΕΙΡΑΙΑΣ,2559
2023-05-29T19:00:00Z,ΣTΑΘΜOΣ ΛΑΡΙΣΗΣ,452
2023-05-29T19:00:00Z,ΣΥΝTΑΓΜΑ,4846
2023-05-29T19:00:00Z,ΑΕΡΟΔΡΟΜΙΟ,444
2023-05-29T19:00:00Z,ΠΕΙΡΑΙΑΣ,34
2023-05-29T18:00:00Z,ΑTTΙKΗ,5632
2023-05-29T18:00:00Z,ΑΕΡΟΔΡΟΜΙΟ,475
2023-05-29T18:00:00Z,ΜΟΝΑΣTΗΡΑKΙ,3405
2023-05-29T18:00:00Z,ΟΜOΝΟΙΑ,4785
2023-05-29T18:00:00Z,ΠΕΙΡΑΙΑΣ,2282
2023-05-29T18:00:00Z,ΣTΑΘΜOΣ ΛΑΡΙΣΗΣ,554
2023-05-29T18:00:00Z,ΣΥΝTΑΓΜΑ,4796
2023-05-29T18:00:00Z,ΑΕΡΟΔΡΟΜΙΟ,387
2023-05-29T18:00:00Z,ΠΕΙΡΑΙΑΣ,33
2023-05-29T17:00:00Z,ΑTTΙKΗ,4511
2023-05-29T17:00:00Z,ΑΕΡΟΔΡΟΜΙΟ,472
2023-05-29T17:00:00Z,ΜΟΝΑΣTΗΡΑKΙ,3099
2023-05-29T17:00:00Z,ΟΜOΝΟΙΑ,4194
2023-05-29T17:00:00Z,ΠΕΙΡΑΙΑΣ,1844
2023-05-29T17:00:00Z,ΣTΑΘΜOΣ ΛΑΡΙΣΗΣ,458
2023-05-29T17:00:00Z,ΣΥΝTΑΓΜΑ,4259
2023-05-29T17:00:00Z,ΑΕΡΟΔΡΟΜΙΟ,410
2023-05-29T17:00:00Z,ΠΕΙΡΑΙΑΣ,24
2023-05-29T16:00:00Z,ΑTTΙKΗ,3787
2023-05-29T16:00:00Z,ΑΕΡΟΔΡΟΜΙΟ,510
2023-05-29T16:00:00Z,ΜΟΝΑΣTΗΡΑKΙ,3235
2023-05-29T16:00:00Z,ΟΜOΝΟΙΑ,3667
2023-05-29T16:00:00Z,ΠΕΙΡΑΙΑΣ,1766
2023-05-29T16:00:00Z,ΣTΑΘΜOΣ ΛΑΡΙΣΗΣ,401
2023-05-29T16:00:00Z,ΣΥΝTΑΓΜΑ,3874
2023-05-29T16:00:00Z,ΑΕΡΟΔΡΟΜΙΟ,508
2023-05-29T16:00:00Z,ΠΕΙΡΑΙΑΣ,38
2023-05-29T15:00:00Z,ΑTTΙKΗ,3708
2023-05-29T15:00:00Z,ΑΕΡΟΔΡΟΜΙΟ,392
2023-05-29T15:00:00Z,ΜΟΝΑΣTΗΡΑKΙ,2956
2023-05-29T15:00:00Z,ΟΜOΝΟΙΑ,3819
2023-05-29T15:00:00Z,ΠΕΙΡΑΙΑΣ,1548
2023-05-29T15:00:00Z,ΣTΑΘΜOΣ ΛΑΡΙΣΗΣ,535
2023-05-29T15:00:00Z,ΣΥΝTΑΓΜΑ,4053
2023-05-29T15:00:00Z,ΑΕΡΟΔΡΟΜΙΟ,378
2023-05-29T15:00:00Z,ΠΕΙΡΑΙΑΣ,18
2023-05-29T14:00:00Z,ΑTTΙKΗ,3368
2023-05-29T14:00:00Z,ΑΕΡΟΔΡΟΜΙΟ,337
2023-05-29T14:00:00Z,ΜΟΝΑΣTΗΡΑKΙ,2700
2023-05-29T14:00:00Z,ΟΜOΝΟΙΑ,3897
2023-05-29T14:00:00Z,ΠΕΙΡΑΙΑΣ,1717
2023-05-29T14:00:00Z,ΣTΑΘΜOΣ ΛΑΡΙΣΗΣ,418
2023-05-29T14:00:00Z,ΣΥΝTΑΓΜΑ,3641
2023-05-29T14:00:00Z,ΑΕΡΟΔΡΟΜΙΟ,364
2023-05-29T14:00:00Z,ΠΕΙΡΑΙΑΣ,9
2023-05-29T13:00:00Z,ΑTTΙKΗ,3502
2023-05-29T13:00:00Z,ΑΕΡΟΔΡΟΜΙΟ,449
2023-05-29T13:00:00Z,ΜΟΝΑΣTΗΡΑKΙ,2404
2023-05-29T13:00:00Z,ΟΜOΝΟΙΑ,3819
2023-05-29T13:00:00Z,ΠΕΙΡΑΙΑΣ,1777
2023-05-29T13:00:00Z,ΣTΑΘΜOΣ ΛΑΡΙΣΗΣ,518
2023-05-29T13:00:00Z,ΣΥΝTΑΓΜΑ,3992
2023-05-29T13:00:00Z,ΑΕΡΟΔΡΟΜΙΟ,522
2023-05-29T13:00:00Z,ΠΕΙΡΑΙΑΣ,14
2023-05-29T12:00:00Z,ΑTTΙKΗ,4988
2023-05-29T12:00:00Z,ΑΕΡΟΔΡΟΜΙΟ,389
2023-05-29T12:00:00Z,ΜΟΝΑΣTΗΡΑKΙ,2459
2023-05-29T12:00:00Z,ΟΜOΝΟΙΑ,4500
2023-05-29T12:00:00Z,ΠΕΙΡΑΙΑΣ,2125
2023-05-29T12:00:00Z,ΣTΑΘΜOΣ ΛΑΡΙΣΗΣ,581
2023-05-29T12:00:00Z,ΣΥΝTΑΓΜΑ,5313
2023-05-29T12:00:00Z,ΑΕΡΟΔΡΟΜΙΟ,402
2023-05-29T12:00:00Z,ΠΕΙΡΑΙΑΣ,26
2023-05-29T11:00:00Z,ΑTTΙKΗ,6820
2023-05-29T11:00:00Z,ΑΕΡΟΔΡΟΜΙΟ,311
2023-05-29T11:00:00Z,ΜΟΝΑΣTΗΡΑKΙ,2012
2023-05-29T11:00:00Z,ΟΜOΝΟΙΑ,4412
2023-05-29T11:00:00Z,ΠΕΙΡΑΙΑΣ,3148
2023-05-29T11:00:00Z,ΣTΑΘΜOΣ ΛΑΡΙΣΗΣ,806
2023-05-29T11:00:00Z,ΣΥΝTΑΓΜΑ,4278
2023-05-29T11:00:00Z,ΑΕΡΟΔΡΟΜΙΟ,267
2023-05-29T11:00:00Z,ΠΕΙΡΑΙΑΣ,36
2023-05-29T10:00:00Z,ΑTTΙKΗ,5773
2023-05-29T10:00:00Z,ΑΕΡΟΔΡΟΜΙΟ,269
2023-05-29T10:00:00Z,ΜΟΝΑΣTΗΡΑKΙ,1280
2023-05-29T10:00:00Z,ΟΜOΝΟΙΑ,2688
2023-05-29T10:00:00Z,ΠΕΙΡΑΙΑΣ,2371
2023-05-29T10:00:00Z,ΣTΑΘΜOΣ ΛΑΡΙΣΗΣ,707
2023-05-29T10:00:00Z,ΣΥΝTΑΓΜΑ,2327
2023-05-29T10:00:00Z,ΑΕΡΟΔΡΟΜΙΟ,246
2023-05-29T10:00:00Z,ΠΕΙΡΑΙΑΣ,34
2023-05-29T09:00:00Z,ΑTTΙKΗ,3716
2023-05-29T09:00:00Z,ΑΕΡΟΔΡΟΜΙΟ,23
2023-05-29T09:00:00Z,ΜΟΝΑΣTΗΡΑKΙ,586
2023-05-29T09:00:00Z,ΟΜOΝΟΙΑ,1391
2023-05-29T09:00:00Z,ΠΕΙΡΑΙΑΣ,1450
2023-05-29T09:00:00Z,ΣTΑΘΜOΣ ΛΑΡΙΣΗΣ,374
2023-05-29T09:00:00Z,ΣΥΝTΑΓΜΑ,1161
2023-05-29T09:00:00Z,ΑΕΡΟΔΡΟΜΙΟ,101
2023-05-29T09:00:00Z,ΠΕΙΡΑΙΑΣ,21
2023-05-29T08:00:00Z,ΑTTΙKΗ,1403
2023-05-29T08:00:00Z,ΑΕΡΟΔΡΟΜΙΟ,46
2023-05-29T08:00:00Z,ΜΟΝΑΣTΗΡΑKΙ,235
2023-05-29T08:00:00Z,ΟΜOΝΟΙΑ,437
2023-05-29T08:00:00Z,ΠΕΙΡΑΙΑΣ,454
2023-05-29T08:00:00Z,ΣTΑΘΜOΣ ΛΑΡΙΣΗΣ,101
2023-05-29T08:00:00Z,ΣΥΝTΑΓΜΑ,428
2023-05-29T08:00:00Z,ΑΕΡΟΔΡΟΜΙΟ,18
2023-05-29T08:00:00Z,ΠΕΙΡΑΙΑΣ,3
2023-05-29T07:00:00Z,ΑTTΙKΗ,17
2023-05-29T07:00:00Z,ΜΟΝΑΣTΗΡΑKΙ,7
2023-05-29T07:00:00Z,ΟΜOΝΟΙΑ,19
2023-05-29T07:00:00Z,ΠΕΙΡΑΙΑΣ,17
2023-05-29T07:00:00Z,ΣΥΝTΑΓΜΑ,2
2023-05-29T07:00:00Z,ΠΕΙΡΑΙΑΣ,1
2023-05-29T05:00:00Z,ΟΜOΝΟΙΑ,24
2023-05-29T04:00:00Z,ΟΜOΝΟΙΑ,29
2023-05-29T04:00:00Z,ΠΕΙΡΑΙΑΣ,6
2023-05-29T03:00:00Z,ΑTTΙKΗ,373
2023-05-29T03:00:00Z,ΑΕΡΟΔΡΟΜΙΟ,8
2023-05-29T03:00:00Z,ΜΟΝΑΣTΗΡΑKΙ,665
2023-05-29T03:00:00Z,ΟΜOΝΟΙΑ,357
2023-05-29T03:00:00Z,ΠΕΙΡΑΙΑΣ,141
2023-05-29T03:00:00Z,ΣTΑΘΜOΣ ΛΑΡΙΣΗΣ,18
2023-05-29T03:00:00Z,ΣΥΝTΑΓΜΑ,468
2023-05-29T03:00:00Z,ΑΕΡΟΔΡΟΜΙΟ,4
2023-05-29T02:00:00Z,ΑTTΙKΗ,1306
2023-05-29T02:00:00Z,ΑΕΡΟΔΡΟΜΙΟ,53
2023-05-29T02:00:00Z,ΜΟΝΑΣTΗΡΑKΙ,1945
2023-05-29T02:00:00Z,ΟΜOΝΟΙΑ,660
2023-05-29T02:00:00Z,ΠΕΙΡΑΙΑΣ,517
2023-05-29T02:00:00Z,ΣTΑΘΜOΣ ΛΑΡΙΣΗΣ,181
2023-05-29T02:00:00Z,ΣΥΝTΑΓΜΑ,1860
2023-05-29T02:00:00Z,ΑΕΡΟΔΡΟΜΙΟ,71
2023-05-29T02:00:00Z,ΠΕΙΡΑΙΑΣ,3
2023-05-29T01:00:00Z,ΑTTΙKΗ,1439
2023-05-29T01:00:00Z,ΑΕΡΟΔΡΟΜΙΟ,257
2023-05-29T01:00:00Z,ΜΟΝΑΣTΗΡΑKΙ,2103
2023-05-29T01:00:00Z,ΟΜOΝΟΙΑ,822
2023-05-29T01:00:00Z,ΠΕΙΡΑΙΑΣ,769
2023-05-29T01:00:00Z,ΣTΑΘΜOΣ ΛΑΡΙΣΗΣ,250
2023-05-29T01:00:00Z,ΣΥΝTΑΓΜΑ,1667
2023-05-29T01:00:00Z,ΑΕΡΟΔΡΟΜΙΟ,244
2023-05-29T00:00:00Z,ΑTTΙKΗ,2000
2023-05-29T00:00:00Z,ΑΕΡΟΔΡΟΜΙΟ,317
2023-05-29T00:00:00Z,ΜΟΝΑΣTΗΡΑKΙ,2748
2023-05-29T00:00:00Z,ΟΜOΝΟΙΑ,1160
2023-05-29T00:00:00Z,ΠΕΙΡΑΙΑΣ,1135
2023-05-29T00:00:00Z,ΣTΑΘΜOΣ ΛΑΡΙΣΗΣ,180
2023-05-29T00:00:00Z,ΣΥΝTΑΓΜΑ,2077
2023-05-29T00:00:00Z,ΑΕΡΟΔΡΟΜΙΟ,214
2023-05-29T00:00:00Z,ΠΕΙΡΑΙΑΣ,1
2023-05-28T23:00:00Z,ΑTTΙKΗ,2492
2023-05-28T23:00:00Z,ΑΕΡΟΔΡΟΜΙΟ,201
2023-05-28T23:00:00Z,ΜΟΝΑΣTΗΡΑKΙ,2952
2023-05-28T23:00:00Z,ΟΜOΝΟΙΑ,1637
2023-05-28T23:00:00Z,ΠΕΙΡΑΙΑΣ,1344
2023-05-28T23:00:00Z,ΣTΑΘΜOΣ ΛΑΡΙΣΗΣ,417
2023-05-28T23:00:00Z,ΣΥΝTΑΓΜΑ,2500
2023-05-28T23:00:00Z,ΑΕΡΟΔΡΟΜΙΟ,270
2023-05-28T23:00:00Z,ΠΕΙΡΑΙΑΣ,14
2023-05-28T22:00:00Z,ΑTTΙKΗ,2792
2023-05-28T22:00:00Z,ΑΕΡΟΔΡΟΜΙΟ,291
2023-05-28T22:00:00Z,ΜΟΝΑΣTΗΡΑKΙ,2906
2023-05-28T22:00:00Z,ΟΜOΝΟΙΑ,1801
2023-05-28T22:00:00Z,ΠΕΙΡΑΙΑΣ,1234
2023-05-28T22:00:00Z,ΣTΑΘΜOΣ ΛΑΡΙΣΗΣ,256
2023-05-28T22:00:00Z,ΣΥΝTΑΓΜΑ,2988
2023-05-28T22:00:00Z,ΑΕΡΟΔΡΟΜΙΟ,262
2023-05-28T22:00:00Z,ΠΕΙΡΑΙΑΣ,9
2023-05-28T21:00:00Z,ΑTTΙKΗ,2357
2023-05-28T21:00:00Z,ΑΕΡΟΔΡΟΜΙΟ,303
2023-05-28T21:00:00Z,ΜΟΝΑΣTΗΡΑKΙ,3154
2023-05-28T21:00:00Z,ΟΜOΝΟΙΑ,1852
2023-05-28T21:00:00Z,ΠΕΙΡΑΙΑΣ,1320
2023-05-28T21:00:00Z,ΣTΑΘΜOΣ ΛΑΡΙΣΗΣ,264
2023-05-28T21:00:00Z,ΣΥΝTΑΓΜΑ,2616
2023-05-28T21:00:00Z,ΑΕΡΟΔΡΟΜΙΟ,295
2023-05-28T21:00:00Z,ΠΕΙΡΑΙΑΣ,4
2023-05-28T20:00:00Z,ΑTTΙKΗ,2461
2023-05-28T20:00:00Z,ΑΕΡΟΔΡΟΜΙΟ,198
2023-05-28T20:00:00Z,ΜΟΝΑΣTΗΡΑKΙ,2997
2023-05-28T20:00:00Z,ΟΜOΝΟΙΑ,1710
2023-05-28T20:00:00Z,ΠΕΙΡΑΙΑΣ,1234
2023-05-28T20:00:00Z,ΣTΑΘΜOΣ ΛΑΡΙΣΗΣ,247
2023-05-28T20:00:00Z,ΣΥΝTΑΓΜΑ,2518
2023-05-28T20:00:00Z,ΑΕΡΟΔΡΟΜΙΟ,294
2023-05-28T20:00:00Z,ΠΕΙΡΑΙΑΣ,10
2023-05-28T19:00:00Z,ΑTTΙKΗ,2372
2023-05-28T19:00:00Z,ΑΕΡΟΔΡΟΜΙΟ,346
2023-05-28T19:00:00Z,ΜΟΝΑΣTΗΡΑKΙ,2613
2023-05-28T19:00:00Z,ΟΜOΝΟΙΑ,1612
2023-05-28T19:00:00Z,ΠΕΙΡΑΙΑΣ,1108
2023-05-28T19:00:00Z,ΣTΑΘΜOΣ ΛΑΡΙΣΗΣ,267
2023-05-28T19:00:00Z,ΣΥΝTΑΓΜΑ,2407
2023-05-28T19:00:00Z,ΑΕΡΟΔΡΟΜΙΟ,338
2023-05-28T19:00:00Z,ΠΕΙΡΑΙΑΣ,14
2023-05-28T18:00:00Z,ΑTTΙKΗ,2211
2023-05-28T18:00:00Z,ΑΕΡΟΔΡΟΜΙΟ,319
2023-05-28T18:00:00Z,ΜΟΝΑΣTΗΡΑKΙ,2934
2023-05-28T18:00:00Z,ΟΜOΝΟΙΑ,1778
2023-05-28T18:00:00Z,ΠΕΙΡΑΙΑΣ,1382
2023-05-28T18:00:00Z,ΣTΑΘΜOΣ ΛΑΡΙΣΗΣ,302
2023-05-28T18:00:00Z,ΣΥΝTΑΓΜΑ,2519
2023-05-28T18:00:00Z,ΑΕΡΟΔΡΟΜΙΟ,422
2023-05-28T18:00:00Z,ΠΕΙΡΑΙΑΣ,8
2023-05-28T17:00:00Z,ΑTTΙKΗ,2356
2023-05-28T17:00:00Z,ΑΕΡΟΔΡΟΜΙΟ,478
2023-05-28T17:00:00Z,ΜΟΝΑΣTΗΡΑKΙ,2994
2023-05-28T17:00:00Z,ΟΜOΝΟΙΑ,1898
2023-05-28T17:00:00Z,ΠΕΙΡΑΙΑΣ,1261
2023-05-28T17:00:00Z,ΣTΑΘΜOΣ ΛΑΡΙΣΗΣ,263
2023-05-28T17:00:00Z,ΣΥΝTΑΓΜΑ,2474
2023-05-28T17:00:00Z,ΑΕΡΟΔΡΟΜΙΟ,363
2023-05-28T17:00:00Z,ΠΕΙΡΑΙΑΣ,13
2023-05-28T16:00:00Z,ΑTTΙKΗ,2294
2023-05-28T16:00:00Z,ΑΕΡΟΔΡΟΜΙΟ,509
2023-05-28T16:00:00Z,ΜΟΝΑΣTΗΡΑKΙ,2848
2023-05-28T16:00:00Z,ΟΜOΝΟΙΑ,1985
2023-05-28T16:00:00Z,ΠΕΙΡΑΙΑΣ,1363
2023-05-28T16:00:00Z,ΣTΑΘΜOΣ ΛΑΡΙΣΗΣ,228
2023-05-28T16:00:00Z,ΣΥΝTΑΓΜΑ,2443
2023-05-28T16:00:00Z,ΑΕΡΟΔΡΟΜΙΟ,491
2023-05-28T16:00:00Z,ΠΕΙΡΑΙΑΣ,10
2023-05-28T15:00:00Z,ΑTTΙKΗ,2149
2023-05-28T15:00:00Z,ΑΕΡΟΔΡΟΜΙΟ,421
2023-05-28T15:00:00Z,ΜΟΝΑΣTΗΡΑKΙ,2841
2023-05-28T15:00:00Z,ΟΜOΝΟΙΑ,1994
2023-05-28T15:00:00Z,ΠΕΙΡΑΙΑΣ,1331
2023-05-28T15:00:00Z,ΣTΑΘΜOΣ ΛΑΡΙΣΗΣ,371
2023-05-28T15:00:00Z,ΣΥΝTΑΓΜΑ,2452
2023-05-28T15:00:00Z,ΑΕΡΟΔΡΟΜΙΟ,376
2023-05-28T15:00:00Z,ΠΕΙΡΑΙΑΣ,20
2023-05-28T14:00:00Z,ΑTTΙKΗ,2074
2023-05-28T14:00:00Z,ΑΕΡΟΔΡΟΜΙΟ,433
2023-05-28T14:00:00Z,ΜΟΝΑΣTΗΡΑKΙ,2654
2023-05-28T14:00:00Z,ΟΜOΝΟΙΑ,2097
2023-05-28T14:00:00Z,ΠΕΙΡΑΙΑΣ,1458
2023-05-28T14:00:00Z,ΣTΑΘΜOΣ ΛΑΡΙΣΗΣ,279
2023-05-28T14:00:00Z,ΣΥΝTΑΓΜΑ,2317
2023-05-28T14:00:00Z,ΑΕΡΟΔΡΟΜΙΟ,507
2023-05-28T14:00:00Z,ΠΕΙΡΑΙΑΣ,15
2023-05-28T13:00:00Z,ΑTTΙKΗ,2118
2023-05-28T13:00:00Z,ΑΕΡΟΔΡΟΜΙΟ,437
2023-05-28T13:00:00Z,ΜΟΝΑΣTΗΡΑKΙ,1903
2023-05-28T13:00:00Z,ΟΜOΝΟΙΑ,2123
2023-05-28T13:00:00Z,ΠΕΙΡΑΙΑΣ,1322
2023-05-28T13:00:00Z,ΣTΑΘΜOΣ ΛΑΡΙΣΗΣ,311
2023-05-28T13:00:00Z,ΣΥΝTΑΓΜΑ,2004
2023-05-28T13:00:00Z,ΑΕΡΟΔΡΟΜΙΟ,471
2023-05-28T13:00:00Z,ΠΕΙΡΑΙΑΣ,6
2023-05-28T12:00:00Z,ΑTTΙKΗ,1863
2023-05-28T12:00:00Z,ΑΕΡΟΔΡΟΜΙΟ,393
2023-05-28T12:00:00Z,ΜΟΝΑΣTΗΡΑKΙ,1197
2023-05-28T12:00:00Z,ΟΜOΝΟΙΑ,1827
2023-05-28T12:00:00Z,ΠΕΙΡΑΙΑΣ,1199
2023-05-28T12:00:00Z,ΣTΑΘΜOΣ ΛΑΡΙΣΗΣ,280
2023-05-28T12:00:00Z,ΣΥΝTΑΓΜΑ,1182
2023-05-28T12:00:00Z,ΑΕΡΟΔΡΟΜΙΟ,366
2023-05-28T12:00:00Z,ΠΕΙΡΑΙΑΣ,6
2023-05-28T11:00:00Z,ΑTTΙKΗ,1587
2023-05-28T11:00:00Z,ΑΕΡΟΔΡΟΜΙΟ,241
2023-05-28T11:00:00Z,ΜΟΝΑΣTΗΡΑKΙ,776
2023-05-28T11:00:00Z,ΟΜOΝΟΙΑ,1027
2023-05-28T11:00:00Z,ΠΕΙΡΑΙΑΣ,916
2023-05-28T11:00:00Z,ΣTΑΘΜOΣ ΛΑΡΙΣΗΣ,227
2023-05-28T11:00:00Z,ΣΥΝTΑΓΜΑ,857
2023-05-28T11:00:00Z,ΑΕΡΟΔΡΟΜΙΟ,184
2023-05-28T11:00:00Z,ΠΕΙΡΑΙΑΣ,10
2023-05-28T10:00:00Z,ΑTTΙKΗ,1560
2023-05-28T10:00:00Z,ΑΕΡΟΔΡΟΜΙΟ,272
2023-05-28T10:00:00Z,ΜΟΝΑΣTΗΡΑKΙ,711
2023-05-28T10:00:00Z,ΟΜOΝΟΙΑ,912
2023-05-28T10:00:00Z,ΠΕΙΡΑΙΑΣ,848
2023-05-28T10:00:00Z,ΣTΑΘΜOΣ ΛΑΡΙΣΗΣ,215
2023-05-28T10:00:00Z,ΣΥΝTΑΓΜΑ,730
2023-05-28T10:00:00Z,ΑΕΡΟΔΡΟΜΙΟ,167
2023-05-28T10:00:00Z,ΠΕΙΡΑΙΑΣ,4
2023-05-28T09:00:00Z,ΑTTΙKΗ,1306
2023-05-28T09:00:00Z,ΑΕΡΟΔΡΟΜΙΟ,213
2023-05-28T09:00:00Z,ΜΟΝΑΣTΗΡΑKΙ,415
2023-05-28T09:00:00Z,ΟΜOΝΟΙΑ,577
2023-05-28T09:00:00Z,ΠΕΙΡΑΙΑΣ,657
2023-05-28T09:00:00Z,ΣTΑΘΜOΣ ΛΑΡΙΣΗΣ,144
2023-05-28T09:00:00Z,ΣΥΝTΑΓΜΑ,659
2023-05-28T09:00:00Z,ΑΕΡΟΔΡΟΜΙΟ,105
2023-05-28T09:00:00Z,ΠΕΙΡΑΙΑΣ,4
2023-05-28T08:00:00Z,ΑTTΙKΗ,590
2023-05-28T08:00:00Z,ΑΕΡΟΔΡΟΜΙΟ,41
2023-05-28T08:00:00Z,ΜΟΝΑΣTΗΡΑKΙ,302
2023-05-28T08:00:00Z,ΟΜOΝΟΙΑ,251
2023-05-28T08:00:00Z,ΠΕΙΡΑΙΑΣ,190
2023-05-28T08:00:00Z,ΣTΑΘΜOΣ ΛΑΡΙΣΗΣ,57
2023-05-28T08:00:00Z,ΣΥΝTΑΓΜΑ,416
2023-05-28T08:00:00Z,ΑΕΡΟΔΡΟΜΙΟ,16
2023-05-28T07:00:00Z,ΑTTΙKΗ,11
2023-05-28T07:00:00Z,ΜΟΝΑΣTΗΡΑKΙ,2
2023-05-28T07:00:00Z,ΟΜOΝΟΙΑ,21
2023-05-28T07:00:00Z,ΠΕΙΡΑΙΑΣ,13
2023-05-28T07:00:00Z,ΣΥΝTΑΓΜΑ,3
2023-05-28T07:00:00Z,ΠΕΙΡΑΙΑΣ,7
2023-05-28T05:00:00Z,ΣΥΝTΑΓΜΑ,1
2023-05-28T04:00:00Z,ΑTTΙKΗ,183
2023-05-28T04:00:00Z,ΜΟΝΑΣTΗΡΑKΙ,676
2023-05-28T04:00:00Z,ΟΜOΝΟΙΑ,196
2023-05-28T04:00:00Z,ΠΕΙΡΑΙΑΣ,32
2023-05-28T04:00:00Z,ΣTΑΘΜOΣ ΛΑΡΙΣΗΣ,32
2023-05-28T04:00:00Z,ΣΥΝTΑΓΜΑ,860
2023-05-28T03:00:00Z,ΑTTΙKΗ,868
2023-05-28T03:00:00Z,ΑΕΡΟΔΡΟΜΙΟ,3
2023-05-28T03:00:00Z,ΜΟΝΑΣTΗΡΑKΙ,2056
2023-05-28T03:00:00Z,ΟΜOΝΟΙΑ,570
2023-05-28T03:00:00Z,ΠΕΙΡΑΙΑΣ,249
2023-05-28T03:00:00Z,ΣTΑΘΜOΣ ΛΑΡΙΣΗΣ,46
2023-05-28T03:00:00Z,ΣΥΝTΑΓΜΑ,2036
2023-05-28T02:00:00Z,ΑTTΙKΗ,1660
2023-05-28T02:00:00Z,ΑΕΡΟΔΡΟΜΙΟ,102
2023-05-28T02:00:00Z,ΜΟΝΑΣTΗΡΑKΙ,2671
2023-05-28T02:00:00Z,ΟΜOΝΟΙΑ,878
2023-05-28T02:00:00Z,ΠΕΙΡΑΙΑΣ,593
2023-05-28T02:00:00Z,ΣTΑΘΜOΣ ΛΑΡΙΣΗΣ,140
2023-05-28T02:00:00Z,ΣΥΝTΑΓΜΑ,2510
2023-05-28T02:00:00Z,ΑΕΡΟΔΡΟΜΙΟ,166
2023-05-28T02:00:00Z,ΠΕΙΡΑΙΑΣ,1
2023-05-28T01:00:00Z,ΑTTΙKΗ,1762
2023-05-28T01:00:00Z,ΑΕΡΟΔΡΟΜΙΟ,249
2023-05-28T01:00:00Z,ΜΟΝΑΣTΗΡΑKΙ,2955
2023-05-28T01:00:00Z,ΟΜOΝΟΙΑ,1034
2023-05-28T01:00:00Z,ΠΕΙΡΑΙΑΣ,620
2023-05-28T01:00:00Z,ΣTΑΘΜOΣ ΛΑΡΙΣΗΣ,274
2023-05-28T01:00:00Z,ΣΥΝTΑΓΜΑ,2659
2023-05-28T01:00:00Z,ΑΕΡΟΔΡΟΜΙΟ,298
2023-05-28T01:00:00Z,ΠΕΙΡΑΙΑΣ,3
2023-05-28T00:00:00Z,ΑTTΙKΗ,2323
2023-05-28T00:00:00Z,ΑΕΡΟΔΡΟΜΙΟ,264
2023-05-28T00:00:00Z,ΜΟΝΑΣTΗΡΑKΙ,3604
2023-05-28T00:00:00Z,ΟΜOΝΟΙΑ,1308
2023-05-28T00:00:00Z,ΠΕΙΡΑΙΑΣ,1103
2023-05-28T00:00:00Z,ΣTΑΘΜOΣ ΛΑΡΙΣΗΣ,234
2023-05-28T00:00:00Z,ΣΥΝTΑΓΜΑ,3170
2023-05-28T00:00:00Z,ΑΕΡΟΔΡΟΜΙΟ,205
2023-05-28T00:00:00Z,ΠΕΙΡΑΙΑΣ,3
2023-06-01T00:00:00Z,ΑTTΙKΗ,2940
2023-06-01T01:00:00Z,ΑTTΙKΗ,1847
2023-06-01T02:00:00Z,ΑTTΙKΗ,1246
2023-06-01T00:00:00Z,ΑΕΡΟΔΡΟΜΙΟ,335
2023-06-01T01:00:00Z,ΑΕΡΟΔΡΟΜΙΟ,281
2023-06-01T02:00:00Z,ΑΕΡΟΔΡΟΜΙΟ,109
2023-06-01T00:00:00Z,ΜΟΝΑΣTΗΡΑKΙ,2318
2023-06-01T01:00:00Z,ΜΟΝΑΣTΗΡΑKΙ,1621
2023-06-01T02:00:00Z,ΜΟΝΑΣTΗΡΑKΙ,1371
2023-06-01T00:00:00Z,ΟΜOΝΟΙΑ,1513
2023-06-01T01:00:00Z,ΟΜOΝΟΙΑ,869
2023-06-01T02:00:00Z,ΟΜOΝΟΙΑ,550
2023-06-01T00:00:00Z,ΠΕΙΡΑΙΑΣ,1026
2023-06-01T01:00:00Z,ΠΕΙΡΑΙΑΣ,615
2023-06-01T02:00:00Z,ΠΕΙΡΑΙΑΣ,440
2023-06-01T00:00:00Z,ΣTΑΘΜOΣ ΛΑΡΙΣΗΣ,185
2023-06-01T01:00:00Z,ΣTΑΘΜOΣ ΛΑΡΙΣΗΣ,215
2023-06-01T02:00:00Z,ΣTΑΘΜOΣ ΛΑΡΙΣΗΣ,82
2023-06-01T00:00:00Z,ΣΥΝTΑΓΜΑ,2716
2023-06-01T01:00:00Z,ΣΥΝTΑΓΜΑ,1491
2023-06-01T02:00:00Z,ΣΥΝTΑΓΜΑ,1347
2023-06-01T00:00:00Z,ΑΕΡΟΔΡΟΜΙΟ,310
2023-06-01T01:00:00Z,ΑΕΡΟΔΡΟΜΙΟ,228
2023-06-01T02:00:00Z,ΑΕΡΟΔΡΟΜΙΟ,117
2023-06-01T00:00:00Z,ΠΕΙΡΑΙΑΣ,2
2023-06-01T01:00:00Z,ΠΕΙΡΑΙΑΣ,1
2023-06-01T02:00:00Z,ΠΕΙΡΑΙΑΣ,2
2023-06-01T03:00:00Z,ΑTTΙKΗ,368
2023-06-01T04:00:00Z,ΑTTΙKΗ,6
2023-06-01T07:00:00Z,ΑTTΙKΗ,23
2023-06-01T08:00:00Z,ΑTTΙKΗ,1386
2023-06-01T09:00:00Z,ΑTTΙKΗ,3935
2023-06-01T10:00:00Z,ΑTTΙKΗ,5733
2023-06-01T11:00:00Z,ΑTTΙKΗ,7040
2023-06-01T12:00:00Z,ΑTTΙKΗ,5109
2023-06-01T13:00:00Z,ΑTTΙKΗ,3607
2023-06-01T14:00:00Z,ΑTTΙKΗ,3712
2023-06-01T15:00:00Z,ΑTTΙKΗ,3864
2023-06-01T16:00:00Z,ΑTTΙKΗ,4090
2023-06-01T17:00:00Z,ΑTTΙKΗ,4397
2023-06-01T18:00:00Z,ΑTTΙKΗ,5625
2023-06-01T19:00:00Z,ΑTTΙKΗ,5791
2023-06-01T20:00:00Z,ΑTTΙKΗ,6037
2023-06-01T21:00:00Z,ΑTTΙKΗ,5532
2023-06-01T22:00:00Z,ΑTTΙKΗ,4197
2023-06-01T23:00:00Z,ΑTTΙKΗ,3704
2023-06-02T00:00:00Z,ΑTTΙKΗ,3284
2023-06-02T01:00:00Z,ΑTTΙKΗ,1905
2023-06-02T02:00:00Z,ΑTTΙKΗ,1268
2023-06-01T03:00:00Z,ΑΕΡΟΔΡΟΜΙΟ,9
2023-06-01T08:00:00Z,ΑΕΡΟΔΡΟΜΙΟ,73
2023-06-01T09:00:00Z,ΑΕΡΟΔΡΟΜΙΟ,248
2023-06-01T10:00:00Z,ΑΕΡΟΔΡΟΜΙΟ,385
2023-06-01T11:00:00Z,ΑΕΡΟΔΡΟΜΙΟ,282
2023-06-01T12:00:00Z,ΑΕΡΟΔΡΟΜΙΟ,350
2023-06-01T13:00:00Z,ΑΕΡΟΔΡΟΜΙΟ,457
2023-06-01T14:00:00Z,ΑΕΡΟΔΡΟΜΙΟ,332
2023-06-01T15:00:00Z,ΑΕΡΟΔΡΟΜΙΟ,410
2023-06-01T16:00:00Z,ΑΕΡΟΔΡΟΜΙΟ,543
2023-06-01T17:00:00Z,ΑΕΡΟΔΡΟΜΙΟ,448
2023-06-01T18:00:00Z,ΑΕΡΟΔΡΟΜΙΟ,431
2023-06-01T19:00:00Z,ΑΕΡΟΔΡΟΜΙΟ,403
2023-06-01T20:00:00Z,ΑΕΡΟΔΡΟΜΙΟ,332
2023-06-01T21:00:00Z,ΑΕΡΟΔΡΟΜΙΟ,222
2023-06-01T22:00:00Z,ΑΕΡΟΔΡΟΜΙΟ,316
2023-06-01T23:00:00Z,ΑΕΡΟΔΡΟΜΙΟ,197
2023-06-02T00:00:00Z,ΑΕΡΟΔΡΟΜΙΟ,307
2023-06-02T01:00:00Z,ΑΕΡΟΔΡΟΜΙΟ,262
2023-06-02T02:00:00Z,ΑΕΡΟΔΡΟΜΙΟ,114
2023-06-01T03:00:00Z,ΜΟΝΑΣTΗΡΑKΙ,502
2023-06-01T04:00:00Z,ΜΟΝΑΣTΗΡΑKΙ,1
2023-06-01T08:00:00Z,ΜΟΝΑΣTΗΡΑKΙ,192
2023-06-01T09:00:00Z,ΜΟΝΑΣTΗΡΑKΙ,553
2023-06-01T10:00:00Z,ΜΟΝΑΣTΗΡΑKΙ,1290
2023-06-01T11:00:00Z,ΜΟΝΑΣTΗΡΑKΙ,1946
2023-06-01T12:00:00Z,ΜΟΝΑΣTΗΡΑKΙ,2452
2023-06-01T13:00:00Z,ΜΟΝΑΣTΗΡΑKΙ,2748
2023-06-01T14:00:00Z,ΜΟΝΑΣTΗΡΑKΙ,2797
2023-06-01T15:00:00Z,ΜΟΝΑΣTΗΡΑKΙ,3338
2023-06-01T16:00:00Z,ΜΟΝΑΣTΗΡΑKΙ,3233
2023-06-01T17:00:00Z,ΜΟΝΑΣTΗΡΑKΙ,3336
2023-06-01T18:00:00Z,ΜΟΝΑΣTΗΡΑKΙ,3603
2023-06-01T19:00:00Z,ΜΟΝΑΣTΗΡΑKΙ,3590
2023-06-01T20:00:00Z,ΜΟΝΑΣTΗΡΑKΙ,3762
2023-06-01T21:00:00Z,ΜΟΝΑΣTΗΡΑKΙ,3554
2023-06-01T22:00:00Z,ΜΟΝΑΣTΗΡΑKΙ,3199
2023-06-01T23:00:00Z,ΜΟΝΑΣTΗΡΑKΙ,2985
2023-06-02T00:00:00Z,ΜΟΝΑΣTΗΡΑKΙ,2757
2023-06-02T01:00:00Z,ΜΟΝΑΣTΗΡΑKΙ,1780
2023-06-02T02:00:00Z,ΜΟΝΑΣTΗΡΑKΙ,1543
2023-06-01T03:00:00Z,ΟΜOΝΟΙΑ,277
2023-06-01T04:00:00Z,ΟΜOΝΟΙΑ,11
2023-06-01T05:00:00Z,ΟΜOΝΟΙΑ,2
2023-06-01T07:00:00Z,ΟΜOΝΟΙΑ,10
2023-06-01T08:00:00Z,ΟΜOΝΟΙΑ,433
2023-06-01T09:00:00Z,ΟΜOΝΟΙΑ,1390
2023-06-01T10:00:00Z,ΟΜOΝΟΙΑ,2673
2023-06-01T11:00:00Z,ΟΜOΝΟΙΑ,4388
2023-06-01T12:00:00Z,ΟΜOΝΟΙΑ,4223
2023-06-01T13:00:00Z,ΟΜOΝΟΙΑ,4114
2023-06-01T14:00:00Z,ΟΜOΝΟΙΑ,4007
2023-06-01T15:00:00Z,ΟΜOΝΟΙΑ,4083
2023-06-01T16:00:00Z,ΟΜOΝΟΙΑ,3735
2023-06-01T17:00:00Z,ΟΜOΝΟΙΑ,4294
2023-06-01T18:00:00Z,ΟΜOΝΟΙΑ,4724
2023-06-01T19:00:00Z,ΟΜOΝΟΙΑ,4417
2023-06-01T20:00:00Z,ΟΜOΝΟΙΑ,4164
2023-06-01T21:00:00Z,ΟΜOΝΟΙΑ,3607
2023-06-01T22:00:00Z,ΟΜOΝΟΙΑ,2747
2023-06-01T23:00:00Z,ΟΜOΝΟΙΑ,2242
2023-06-02T00:00:00Z,ΟΜOΝΟΙΑ,1623
2023-06-02T01:00:00Z,ΟΜOΝΟΙΑ,884
2023-06-02T02:00:00Z,ΟΜOΝΟΙΑ,617
2023-06-01T03:00:00Z,ΠΕΙΡΑΙΑΣ,110
2023-06-01T04:00:00Z,ΠΕΙΡΑΙΑΣ,4
2023-06-01T07:00:00Z,ΠΕΙΡΑΙΑΣ,17
2023-06-01T08:00:00Z,ΠΕΙΡΑΙΑΣ,444
2023-06-01T09:00:00Z,ΠΕΙΡΑΙΑΣ,1412
2023-06-01T10:00:00Z,ΠΕΙΡΑΙΑΣ,2322
2023-06-01T11:00:00Z,ΠΕΙΡΑΙΑΣ,3045
2023-06-01T12:00:00Z,ΠΕΙΡΑΙΑΣ,2081
2023-06-01T13:00:00Z,ΠΕΙΡΑΙΑΣ,1900
2023-06-01T14:00:00Z,ΠΕΙΡΑΙΑΣ,1711
2023-06-01T15:00:00Z,ΠΕΙΡΑΙΑΣ,1675
2023-06-01T16:00:00Z,ΠΕΙΡΑΙΑΣ,1685
2023-06-01T17:00:00Z,ΠΕΙΡΑΙΑΣ,1867
2023-06-01T18:00:00Z,ΠΕΙΡΑΙΑΣ,2330
2023-06-01T19:00:00Z,ΠΕΙΡΑΙΑΣ,2377
2023-06-01T20:00:00Z,ΠΕΙΡΑΙΑΣ,2740
2023-06-01T21:00:00Z,ΠΕΙΡΑΙΑΣ,2273
2023-06-01T22:00:00Z,ΠΕΙΡΑΙΑΣ,1642
2023-06-01T23:00:00Z,ΠΕΙΡΑΙΑΣ,1343
2023-06-02T00:00:00Z,ΠΕΙΡΑΙΑΣ,1067
2023-06-02T01:00:00Z,ΠΕΙΡΑΙΑΣ,662
2023-06-02T02:00:00Z,ΠΕΙΡΑΙΑΣ,506
2023-06-01T03:00:00Z,ΣTΑΘΜOΣ ΛΑΡΙΣΗΣ,12
2023-06-01T08:00:00Z,ΣTΑΘΜOΣ ΛΑΡΙΣΗΣ,95
2023-06-01T09:00:00Z,ΣTΑΘΜOΣ ΛΑΡΙΣΗΣ,396
2023-06-01T10:00:00Z,ΣTΑΘΜOΣ ΛΑΡΙΣΗΣ,661
2023-06-01T11:00:00Z,ΣTΑΘΜOΣ ΛΑΡΙΣΗΣ,794
2023-06-01T12:00:00Z,ΣTΑΘΜOΣ ΛΑΡΙΣΗΣ,640
2023-06-01T13:00:00Z,ΣTΑΘΜOΣ ΛΑΡΙΣΗΣ,530
2023-06-01T14:00:00Z,ΣTΑΘΜOΣ ΛΑΡΙΣΗΣ,383
2023-06-01T15:00:00Z,ΣTΑΘΜOΣ ΛΑΡΙΣΗΣ,493
2023-06-01T16:00:00Z,ΣTΑΘΜOΣ ΛΑΡΙΣΗΣ,420
2023-06-01T17:00:00Z,ΣTΑΘΜOΣ ΛΑΡΙΣΗΣ,452
2023-06-01T18:00:00Z,ΣTΑΘΜOΣ ΛΑΡΙΣΗΣ,576
2023-06-01T19:00:00Z,ΣTΑΘΜOΣ ΛΑΡΙΣΗΣ,493
2023-06-01T20:00:00Z,ΣTΑΘΜOΣ ΛΑΡΙΣΗΣ,478
2023-06-01T21:00:00Z,ΣTΑΘΜOΣ ΛΑΡΙΣΗΣ,449
2023-06-01T22:00:00Z,ΣTΑΘΜOΣ ΛΑΡΙΣΗΣ,437
2023-06-01T23:00:00Z,ΣTΑΘΜOΣ ΛΑΡΙΣΗΣ,347
2023-06-02T00:00:00Z,ΣTΑΘΜOΣ ΛΑΡΙΣΗΣ,216
2023-06-02T01:00:00Z,ΣTΑΘΜOΣ ΛΑΡΙΣΗΣ,226
2023-06-02T02:00:00Z,ΣTΑΘΜOΣ ΛΑΡΙΣΗΣ,117
2023-06-01T03:00:00Z,ΣΥΝTΑΓΜΑ,365
2023-06-01T07:00:00Z,ΣΥΝTΑΓΜΑ,1
2023-06-01T08:00:00Z,ΣΥΝTΑΓΜΑ,451
2023-06-01T09:00:00Z,ΣΥΝTΑΓΜΑ,1161
2023-06-01T10:00:00Z,ΣΥΝTΑΓΜΑ,2389
2023-06-01T11:00:00Z,ΣΥΝTΑΓΜΑ,4176
2023-06-01T12:00:00Z,ΣΥΝTΑΓΜΑ,5285
2023-06-01T13:00:00Z,ΣΥΝTΑΓΜΑ,4144
2023-06-01T14:00:00Z,ΣΥΝTΑΓΜΑ,4022
2023-06-01T15:00:00Z,ΣΥΝTΑΓΜΑ,4370
2023-06-01T16:00:00Z,ΣΥΝTΑΓΜΑ,4176
2023-06-01T17:00:00Z,ΣΥΝTΑΓΜΑ,4472
2023-06-01T18:00:00Z,ΣΥΝTΑΓΜΑ,4968
2023-06-01T19:00:00Z,ΣΥΝTΑΓΜΑ,5095
2023-06-01T20:00:00Z,ΣΥΝTΑΓΜΑ,6035
2023-06-01T21:00:00Z,ΣΥΝTΑΓΜΑ,5587
2023-06-01T22:00:00Z,ΣΥΝTΑΓΜΑ,4307
2023-06-01T23:00:00Z,ΣΥΝTΑΓΜΑ,3665
2023-06-02T00:00:00Z,ΣΥΝTΑΓΜΑ,3085
2023-06-02T01:00:00Z,ΣΥΝTΑΓΜΑ,1753
2023-06-02T02:00:00Z,ΣΥΝTΑΓΜΑ,1426
2023-06-01T03:00:00Z,ΑΕΡΟΔΡΟΜΙΟ,6
2023-06-01T08:00:00Z,ΑΕΡΟΔΡΟΜΙΟ,22
2023-06-01T09:00:00Z,ΑΕΡΟΔΡΟΜΙΟ,124
2023-06-01T10:00:00Z,ΑΕΡΟΔΡΟΜΙΟ,269
2023-06-01T11:00:00Z,ΑΕΡΟΔΡΟΜΙΟ,239
2023-06-01T12:00:00Z,ΑΕΡΟΔΡΟΜΙΟ,315
2023-06-01T13:00:00Z,ΑΕΡΟΔΡΟΜΙΟ,547
2023-06-01T14:00:00Z,ΑΕΡΟΔΡΟΜΙΟ,373
2023-06-01T15:00:00Z,ΑΕΡΟΔΡΟΜΙΟ,442
2023-06-01T16:00:00Z,ΑΕΡΟΔΡΟΜΙΟ,521
2023-06-01T17:00:00Z,ΑΕΡΟΔΡΟΜΙΟ,466
2023-06-01T18:00:00Z,ΑΕΡΟΔΡΟΜΙΟ,441
2023-06-01T19:00:00Z,ΑΕΡΟΔΡΟΜΙΟ,427
2023-06-01T20:00:00Z,ΑΕΡΟΔΡΟΜΙΟ,325
2023-06-01T21:00:00Z,ΑΕΡΟΔΡΟΜΙΟ,203
2023-06-01T22:00:00Z,ΑΕΡΟΔΡΟΜΙΟ,331
2023-06-01T23:00:00Z,ΑΕΡΟΔΡΟΜΙΟ,218
2023-06-02T00:00:00Z,ΑΕΡΟΔΡΟΜΙΟ,233
2023-06-02T01:00:00Z,ΑΕΡΟΔΡΟΜΙΟ,269
2023-06-02T02:00:00Z,ΑΕΡΟΔΡΟΜΙΟ,168
2023-06-01T07:00:00Z,ΠΕΙΡΑΙΑΣ,3
2023-06-01T08:00:00Z,ΠΕΙΡΑΙΑΣ,5
2023-06-01T09:00:00Z,ΠΕΙΡΑΙΑΣ,20
2023-06-01T10:00:00Z,ΠΕΙΡΑΙΑΣ,26
2023-06-01T11:00:00Z,ΠΕΙΡΑΙΑΣ,29
2023-06-01T12:00:00Z,ΠΕΙΡΑΙΑΣ,17
2023-06-01T13:00:00Z,ΠΕΙΡΑΙΑΣ,10
2023-06-01T14:00:00Z,ΠΕΙΡΑΙΑΣ,16
2023-06-01T15:00:00Z,ΠΕΙΡΑΙΑΣ,24
2023-06-01T16:00:00Z,ΠΕΙΡΑΙΑΣ,22
2023-06-01T17:00:00Z,ΠΕΙΡΑΙΑΣ,26
2023-06-01T18:00:00Z,ΠΕΙΡΑΙΑΣ,36
2023-06-01T19:00:00Z,ΠΕΙΡΑΙΑΣ,26
2023-06-01T20:00:00Z,ΠΕΙΡΑΙΑΣ,38
2023-06-01T21:00:00Z,ΠΕΙΡΑΙΑΣ,20
2023-06-01T22:00:00Z,ΠΕΙΡΑΙΑΣ,14
2023-06-01T23:00:00Z,ΠΕΙΡΑΙΑΣ,13
2023-06-02T00:00:00Z,ΠΕΙΡΑΙΑΣ,11
2023-06-02T01:00:00Z,ΠΕΙΡΑΙΑΣ,5
2023-06-02T01:00:00Z,ΠΕΙΡΑΙΑΣ,5
